race_title,country,organizer,official_url
サハラマラソン,モロッコ,Marathon des Sables,https://www.marathondessables.com/en
MDS 120 カッパドキア,トルコ,Marathon des Sables,https://marathondessables.com/en/event/mds-120-cappadocia-2026
MDS 120 ヨルダン,ヨルダン,Marathon des Sables,https://marathondessables.com/en/event/mds-120-jordan-2026
アタカマクロッシング,チリ,Racing The Planet,https://www.racingtheplanet.com/atacamacrossing
ジョージア・ウルトラマラソン,ジョージア,Racing The Planet,https://www.racingtheplanet.com/georgia
ラップランド・レース,フィンランド,Racing The Planet,https://www.racingtheplanet.com/lapland
ザ・ラスト・デザート,南極,Racing The Planet,https://www.racingtheplanet.com/thelastdesert
ナミブ・レース,ナミビア,Racing The Planet,https://www.racingtheplanet.com/namibrace
ザ・トラック・オーストラリア,オーストラリア,Canal Aventure,https://www.canal-aventure.com/en/the-track-australia
ウルトラ・アフリカ・レース,モザンビーク,Canal Aventure,https://www.canal-aventure.com/en/ultra-africa-race
ウルトラ・ボリビア・レース,ボリビア,Canal Aventure,https://www.canal-aventure.com/en/ultra-bolivia-race
エベレスト・トレイル・レース,ネパール,Grup Adeaventura,http://www.everesttrailrace.com/en
フットステップス・オブ・アレキサンダー・ザ・グレート,ウズベキスタン,Global Limits,https://www.global-limits.com/usbeskistan
フォー・レンジャーズ・ウルトラ,ケニア,Beyond The Ultimate,https://www.beyondtheultimate.co.uk/race/for-rangers-ultra/
グランド・トゥ・グランド・ウルトラ,アメリカ合衆国,Tess and Colin Geddes,https://g2gultra.com/
モンゴル・トレイル・ラン,モンゴル,Naturetime Events,https://mongoliatrailrun.com/en/inicio-english/
サザン・レイクス・ウルトラ,ニュージーランド,Southern Lakes Events,https://southernlakesultra.com/
ザ・コスタル・チャレンジ,コスタリカ,,https://thecoastalchallengecostarica.com/
トランス・サハラ・マラソン,モロッコ,Mohamad Ahansal / Raidlight (Benoît Laval),https://trans-sahara-marathon.com/
ウルトラ・レース・ルーマニア,ルーマニア,Legendary Sports,https://ultraraceromania.ro/